,word,num
68,领导,176
2,年,145
20,请问,118
41,小区,114
3,月,108
96,希望,74
37,谢谢,72
322,成都,71
187,时间,71
456,部门,64
33,想,64
302,居民,60
518,说,60
43,业主,57
25,您好,53
65,相关,52
365,小学,52
12,订阅,52
146,影响,51
284,拆迁,50
64,请,48
147,路,48
5,号,47
1,2022,46
392,学校,45
319,日,44
13,成都市,43
116,政府,43
139,社区,42
465,尊敬,42
190,办理,42
608,孩子,41
573,户口,41
303,生活,41
356,你好,41
440,高新区,40
997,交房,39
758,情况,38
26,2021,38
333,房子,38
34,咨询,37
519,医保,37
117,解决,36
124,中,35
508,公司,34
468,区域,34
186,社保,34
441,片区,33
213,区,32
601,工作,31
129,双流,30
137,街道,29
18,九价,29
368,未,28
402,新,28
587,项目,28
499,规划,27
568,房,27
739,开发商,26
8,12,25
121,安置,25
2097,合同,24
66,住,24
131,公园,24
176,村,24
128,政策,24
1079,回复,24
317,问,24
281,大道,24
443,划片,23
185,购买,23
809,镇,23
260,10,23
1557,复工,22
863,周边,22
32,疫苗,22
369,建设,22
1060,学生,22
974,楼盘,22
1556,停工,22
346,噪音,21
536,参保,21
454,教育,21
509,买,21
1404,幼儿园,21
212,查询,21
108,做,20
255,导致,20
973,出行,20
560,新区,20
632,搭建,20
60,建议,19
28,天府,19
358,新津,19
181,村民,19
287,四川,19
362,旁边,18
442,多校,18
315,环境,18
551,去年,18
537,信息,18
1418,计划,18
410,点,18
511,时,17
1673,地铁,17
177,修,17
1515,疫情,17
382,月份,17
151,真的,17
167,住户,17
1318,大学,17
93,医院,17
466,温江,17
17,卫生院,17
316,麻烦,17
656,青羊区,17
231,整改,16
22,多久,16
264,管理,16
227,道路,16
433,施工,16
286,投诉,16
1077,上学,15
1083,11,15
670,家长,15
533,显示,15
663,成华区,15
563,几年,15
1123,原因,15
1143,小孩,15
604,买房,15
811,电话,15
922,现,15
455,公平,15
226,处,15
711,房屋,15
927,单位,15
471,两个,15
313,重视,15
1269,成,15
1076,读,14
10,约,14
583,组,14
40,城,14
27,温江区,14
21,排队,14
438,状态,14
734,拆除,14
85,不到,14
620,恳请,14
98,2020,14
1525,申请,14
661,初中,14
1153,修建,14
633,装修,14
91,老百姓,14
740,人才,13
781,找,13
755,武侯区,13
1874,一年,13
337,红绿灯,13
321,20,13
1436,开工,13
1699,发生,13
1377,地方,13
211,帮忙,13
31,服务中心,13
773,通知,12
690,市民,12
238,商铺,12
50,物业,12
555,城市,12
467,新城,12
366,校区,12
1171,",",12
500,位于,12
503,空地,12
916,企业,12
377,距离,12
250,车辆,12
784,调查,12
1516,验收,11
253,上班,11
669,太,11
1109,登记,11
423,金牛区,11
61,改造,11
412,30,11
1058,入学,11
1510,二期,11
206,长期,11
870,有限公司,11
737,安全隐患,11
357,居住,11
1464,考试,11
79,彭州,11
379,几个,11
378,家,11
1462,教师,11
1345,号线,11
3807,封校,11
1121,产权证,11
14,龙泉驿区,11
647,发放,10
1035,设置,10
88,平台,10
1223,多年,10
1078,家庭,10
1099,垃圾,10
1047,就读,10
2054,金科,10
567,分,10
1134,公布,10
269,修好,10
258,走,10
658,社区卫生,10
73,小时,10
1588,房产证,10
785,事情,10
1438,交付,10
569,拿到,10
1439,缴费,10
966,米,10
1306,收费,10
1000,广场,10
1421,处于,10
409,桥,10
1021,楼下,10
550,缴纳,10
173,彭州市,10
818,地块,10
1040,远,10
381,特别,10
323,高新,10
210,请求,10
765,贷款,10
2890,国家,9
275,路上,9
535,多个,9
612,购房,9
2706,标准,9
807,郫,9
808,红光,9
817,商业,9
649,人员,9
277,负责,9
629,栋,9
2129,违法,9
653,17,9
1110,产权,9
364,街,9
643,31,9
510,员工,9
461,发展,9
4494,教育资源,9
1067,房产,9
1024,公交车,9
552,电子,9
812,告知,9
312,市,9
421,一条,9
565,占,9
1417,有没有,9
1731,我家,9
47,停,9
1568,崇州,9
1963,烂尾,9
2025,钱,9
30,卫生,9
69,关注,9
70,车,9
1958,天骄,9
23,安排,9
168,休息,9
3045,补贴,9
164,声音,9
1359,武侯,9
3148,资源,9
1419,网上,9
1376,不好,9
140,门口,9
1765,道,9
119,感谢,9
1378,落实,8
523,不通,8
631,违章,8
1033,电瓶车,8
329,接种,8
1030,之间,8
820,扰民,8
2267,举报,8
1294,私自,8
762,27,8
112,工资,8
2379,北京,8
111,元,8
652,15,8
1918,天,8
2341,出面,8
188,书记,8
678,公交,8
751,感觉,8
531,四川省,8
679,站,8
376,位置,8
879,期间,8
46,只能,8
75,晚上,8
1563,建局,8
1069,低,8
559,东部,8
1164,中心,8
1140,路段,8
248,通行,8
554,选择,8
1117,督促,8
578,简阳市,8
1089,锦江区,8
584,土地,8
591,一名,8
16,公立,8
1240,无果,8
1151,拆,7
1052,2019,7
2087,每次,7
553,凭证,7
3568,火灾,7
243,经营,7
2622,地铁站,7
1600,资料,7
1063,教育局,7
1601,年底,7
671,机会,7
1395,居住证,7
416,交通,7
179,占用,7
493,难,7
1913,发现,7
775,资金,7
700,高架,7
705,新建,7
778,退款,7
1996,至少,7
157,楼顶,7
1375,实施,7
1136,里,7
1769,一点,7
4333,进场,7
249,马路,7
886,本来,7
1463,招聘,7
1716,小朋友,7
902,跑,7
1172,群众,7
835,街道办,7
1168,调整,7
906,公共,7
383,家里,7
712,包括,7
1128,流程,7
361,三期,7
638,条件,7
790,排名,7
1050,就近,7
3052,捷速,7
200,政府部门,7
2244,卖,7
1280,一套,7
63,需求,7
1611,进度,7
993,入住,7
3716,堆放,7
3053,聘,7
56,车位,7
204,理由,7
3337,骗,7
513,连续,7
1328,19,7
251,乱,7
2286,电梯,7
945,苗,7
1086,成功,7
3223,证书,7
4367,解封,7
1409,招生,7
1680,百姓,7
125,分房,7
1325,沟通,7
2342,协调,7
545,无人,7
1413,近期,7
952,楼,7
1780,穿,6
133,前,6
529,反馈,6
1602,账,6
126,好久,6
2718,隐患,6
1423,询问,6
437,质量,6
1444,求助,6
1786,梓州,6
628,号院,6
746,提示,6
655,秒,6
1622,服务,6
1524,地址,6
1659,销售,6
1522,娃娃,6
1521,市场,6
2695,带来,6
590,你们好,6
134,打围,6
78,这块,6
2710,合法,6
2724,红灯,6
2725,红,6
1509,花园,6
82,摇号,6
743,报名,6
86,换,6
1707,工地,6
1489,通道,6
11,苗上,6
1710,接送,6
630,单元,6
606,迁,6
2568,工作人员,6
605,资格,6
473,越来越,6
1746,通车,6
3308,名额,6
1452,农村,6
695,给予,6
1394,办,6
1034,汽车,6
2200,风险,6
1213,东路,6
349,增加,6
2035,新川,6
1070,就近入学,6
160,早上,6
2385,两年,6
1065,划分,6
1032,货车,6
2347,郫都区,6
311,污染,6
2038,龙泉,6
1329,金沙,6
3083,面临,6
911,厕所,6
165,很大,6
1868,设施,6
3398,建筑,6
1261,未来,6
1872,发,6
1346,开通,6
847,理解,6
1087,排,6
2146,申报,6
2065,当初,6
203,承诺,6
1291,公寓,6
794,帮,6
795,中学,6
1811,款,6
1167,不便,6
1400,港,6
4783,医托,6
1399,西航,6
271,天天,6
968,公交线路,6
2067,全家,6
1193,新都区,6
2055,集美,6
1293,国际,6
2306,主体,6
837,消息,6
1660,欺骗,5
1534,半年,5
1271,一块,5
1264,不知,5
1532,延期,5
4486,试点,5
1982,宽,5
1658,备案,5
1276,休闲,5
618,开,5
788,盐市口,5
1260,恒大,5
1082,景山,5
1598,21,5
1158,L030,5
1144,老人,5
1609,公积金,5
1102,不合理,5
1610,城南,5
1207,公里,5
2042,现象,5
4676,封,5
1640,驾校,5
2034,新开,5
1228,23,5
1243,回来,5
1634,关心,5
1997,切实,5
1992,村委会,5
1252,16,5
1255,花,5
2002,光华,5
2314,转,5
1523,余额,5
761,50,5
1456,进展,5
869,包,5
865,好好,5
2436,一个月,5
856,宣传,5
754,系统,5
1447,想要,5
2452,本次,5
841,许可证,5
1387,加班,5
2455,上半年,5
1457,动工,5
2519,名校,5
831,12345,5
768,收取,5
772,18,5
1396,注销,5
2508,社保局,5
4092,舞,5
779,打电话,5
792,预约,5
791,等待,5
896,竣工,5
2381,定居,5
1025,上下班,5
1891,上级领导,5
984,左转,5
1924,河边,5
1684,历史,5
789,HPV,5
933,原,5
1694,对面,5
1339,综合体,5
1700,安装,5
2352,协商,5
1893,都江堰市,5
3628,迁回,5
1363,假,5
924,就业,5
2635,戴,5
4543,优质,5
915,修改,5
1362,育儿,5
721,过程,5
2570,天气,5
2365,问问,5
903,老旧,5
1479,不让,5
0,我于,5
1596,补偿,5
278,办法,5
194,收入,5
3135,租房,5
2746,约定,5
242,人行道,5
487,提升,5
2752,民生,5
367,迟迟,5
3511,公正,5
476,配套,5
339,路口,5
182,农田,5
332,公馆,5
2836,不用,5
81,地区,5
439,支持,5
2756,文具店,5
3084,幼升,5
3307,征地,5
2761,小学生,5
3245,损坏,5
263,城管,5
184,农民,5
547,户籍,5
506,生育,5
234,一段,5
457,期待,5
3047,月底,5
52,停车,5
237,外面,5
342,每天晚上,5
193,答复,5
330,新繁,5
279,简阳,5
3508,班,5
2918,佳兆业,5
2269,现场,4
3033,学,4
2107,事业,4
274,人管,4
1679,大丰,4
1124,华阳,4
2115,担心,4
3686,原籍,4
1001,有人,4
1127,检查,4
74,封顶,4
4558,停电,4
1898,签字,4
2102,一方,4
715,综合,4
888,子女,4
887,桂林,4
702,沿线,4
1166,晚,4
189,指标,4
1914,需,4
3072,身份证,4
2291,报告,4
988,印象,4
477,场地,4
992,高,4
2409,几次,4
142,电线,4
2088,加快,4
265,随处,4
1676,进出,4
2281,芙蓉城,4
877,协议,4
2099,一人,4
1407,父母,4
2565,烧烤,4
3675,注册,4
3201,川网,4
58,绿化,4
1526,劳动,4
4183,灰尘,4
338,斑马线,4
2855,电线杆,4
801,回,4
84,抢,4
1742,还会,4
2182,2023,4
2183,读书,4
1071,原则,4
848,外,4
1711,泡桐树,4
2185,不想,4
2853,子,4
1029,站点,4
1712,少,4
819,通宵,4
2127,年轻人,4
2224,同意,4
307,依然,4
1722,关系,4
1057,第一,4
3901,愿,4
1051,迁移,4
1039,效果,4
828,24,4
153,学府,4
2460,账户,4
1381,监督,4
2980,房间,4
799,户籍地,4
1081,丹,4
1023,坐,4
2177,防疫,4
1347,一体,4
1114,开发,4
452,破坏,4
252,乱放,4
1748,主道,4
3024,妈妈,4
3023,爸爸,4
1506,涉及,4
400,此事,4
2427,公开,4
1104,33,4
448,反对,4
3942,幼儿,4
1884,答案,4
2507,管理员,4
2162,娱乐,4
782,不上,4
3081,施,4
434,住宅小区,4
1017,没法,4
2250,口,4
3082,急需,4
1692,一所,4
428,原本,4
3085,暂无,4
4327,大半年,4
1170,恢复,4
1535,久,4
3558,铺设,4
607,看着,4
961,梧桐,4
2709,规范,4
524,忙,4
375,头,4
2007,医疗,4
913,医保卡,4
1624,操作,4
3806,信息工程,4
1627,正,4
4214,警示,4
2017,北,4
123,留言,4
1227,核实,4
2022,一期,4
2023,听说,4
1630,节点,4
909,清理,4
2930,解决问题,4
2024,加,4
634,驾照,4
232,九江,4
1300,交费,4
2361,区内,4
3056,工期,4
3603,南,4
2001,打算,4
208,诉求,4
558,老家,4
942,权益,4
1278,为民,4
7,08,4
572,老婆,4
947,00,4
15,洪安镇,4
2744,白桦林,4
19,年龄,4
1792,出口,4
542,治理,4
1254,名,4
1437,问下,4
1585,商品房,4
588,内容,4
4689,眉山,4
35,排在,4
4675,我校,4
1964,工程,4
951,期,4
954,开设,4
2325,套房,4
1954,商家,4
1476,文件,4
1809,上次,4
3609,天然气,4
485,方式,4
1651,犀浦,4
982,实地考察,4
2785,维修,4
2658,提前,4
49,危险,4
1197,这段,4
1947,河道,4
3614,完工,4
2391,省,4
2395,茶楼,4
1548,维护,4
1187,用地,4
488,广大群众,4
981,线路,4
3617,一拖再拖,4
673,市长,4
2056,星辰,4
1312,500,4
1199,通,4
2066,拿出,4
2307,结构,4
2047,三年,4
130,三江,4
3360,违背,4
645,费,4
3210,重组,4
343,大车,4
45,车子,4
2607,好多,4
2776,强,4
4261,泡沫,4
3539,脏乱差,4
192,给出,4
1764,随意,4
246,行人,4
1201,走路,4
1179,测试,4
1815,签订,3
3339,法律,3
4326,地砖,3
1836,儿童,3
2334,隔音,3
1785,2016,3
2922,写,3
948,02,3
1388,制,3
1793,入口,3
2285,高层,3
2965,鱼塘,3
2220,临江,3
4526,北大,3
971,恼火,3
1821,局,3
2319,金域,3
1806,拆迁户,3
969,环路,3
1405,教职工,3
2938,卖完,3
2295,运行,3
135,设计,3
1825,铁路,3
3825,大邑县,3
978,B,3
2258,违规,3
3097,停靠点,3
1398,着急,3
2236,该药,3
996,华庭,3
962,栖,3
1018,吃,3
960,青龙,3
2321,监管,3
3095,1028,3
1003,身体健康,3
956,麻将馆,3
2283,南路,3
2926,事宜,3
2963,龙虎,3
1011,自来水,3
2179,14,3
1043,缓解,3
3984,流动,3
2016,机场,3
1298,门,3
1224,破,3
196,征用,3
1957,协信,3
2032,新房,3
4410,沙厂,3
235,锦绣,3
3985,摊贩,3
239,早晨,3
1951,条,3
4003,提出,3
2049,拍,3
1949,保护,3
1311,逆行,3
241,小摊贩,3
1940,估计,3
1939,制止,3
1183,以东,3
2064,申诉,3
2069,甚,3
1320,更改,3
1296,岗,3
1235,千元,3
254,高峰期,3
4016,五组,3
1980,下旬,3
1268,平整,3
1279,集体户,3
1974,泥路,3
1263,建,3
1973,狭窄,3
1972,入户,3
1971,隔壁,3
1286,工作日,3
1256,土路,3
218,快速路,3
197,找到,3
4009,中优,3
199,踢皮球,3
220,跨,3
198,推诿,3
1998,普通百姓,3
1242,血汗钱,3
223,进城,3
224,方向,3
2003,前锋,3
2004,院区,3
1173,感,3
191,肯定,3
1384,出具,3
1860,实在,3
2158,一大,3
1095,明明,3
170,2018,3
2169,全国,3
169,年前,3
1085,04,3
293,一家,3
4075,中建,3
564,修路,3
1365,二胎,3
300,臭气,3
3945,旅城,3
1847,中介,3
304,健康,3
1064,第三,3
3090,两套,3
3092,邻居,3
1059,班级,3
1056,分校,3
2989,回答,3
2204,说法,3
1382,处罚,3
288,金堂,3
1107,花城,3
2079,电子科技,3
3366,唐元,3
1159,取消,3
1330,界面,3
2080,清水河,3
2082,绿灯,3
261,分钟,3
262,这么久,3
1146,青白江区,3
2098,名字,3
267,翰林,3
1906,上海,3
1905,肯请,3
3946,A1,3
1137,查,3
3028,开店,3
4050,沥青路,3
1899,盖章,3
1784,位,3
2118,办事处,3
2122,经济,3
178,足球场,3
1894,玉堂,3
172,村上,3
2335,措施,3
1440,记录,3
2338,持续,3
458,体现,3
753,优化,3
1514,是因为,3
741,公众,3
1678,彭,3
738,做主,3
2550,集团,3
735,飘窗,3
3263,府,3
3262,丽都,3
59,面积,3
2802,青白江,3
475,运动,3
1527,仲裁,3
2579,消防,3
2583,青华路,3
2584,美莱,3
2585,医学美容,3
2586,五楼,3
2587,改成,3
2588,餐厅,3
2589,称,3
3529,每日,3
1529,28,3
2594,交了,3
708,环评,3
707,参与,3
1675,早日,3
2824,给钱,3
2524,四路,3
815,参照,3
4609,领办,3
419,几条,3
1488,打开,3
4588,主要矛盾,3
1491,多人,3
1495,伤害,3
4177,太烂,3
425,三路,3
2498,家园,3
1499,满意,3
1693,开学,3
2843,强制,3
3721,精神障碍,3
4279,评估,3
432,层,3
2505,一两个,3
3497,下半年,3
2833,口罩,3
446,既得利益者,3
1687,模式,3
771,一月,3
3713,建渣,3
1782,锦城,3
2513,我排,3
3711,家具,3
3710,租户,3
2826,乐平,3
2521,打造,3
479,组织,3
704,已有,3
55,一户,3
1672,接驳,3
1567,蒲江,3
38,花样,3
2689,停运,3
624,提供,3
2765,诱导,3
3556,地暖,3
1574,下班,3
2698,场,3
1575,一趟,3
2704,公示,3
3557,管线,3
527,民众,3
2711,手续,3
1580,2017,3
1615,身边,3
2716,私家车,3
596,开盘,3
593,购房者,3
586,挂钩,3
543,社会,3
2722,辆,3
1608,月初,3
575,赔偿,3
2742,幸福,3
549,南充,3
566,赔付,3
4,22,3
2768,能力,3
3215,有无,3
637,到期,3
2655,教科院,3
699,龙潭,3
481,活动,3
2795,经历,3
3533,放学,3
4264,胶水,3
2624,小偷,3
3639,中级,3
1543,种种,3
3535,90,3
1547,院,3
676,过问,3
2639,昨天,3
666,成华,3
2675,运营,3
1653,13,3
492,更大,3
659,排到,3
2784,封闭,3
495,类似,3
2666,提倡,3
1645,档案,3
48,路边,3
3545,精装,3
646,停止,3
2673,共享,3
1560,积蓄,3
1485,谢谢您,3
769,服务费,3
872,客户,3
3165,蜀,3
1735,名下,3
920,数,3
3772,责任,3
2417,办事,3
4144,用水,3
1732,永兴,3
2392,转移,3
1458,感谢您,3
1474,官方,3
2415,上级,3
2454,专业,3
2906,实行,3
838,罚款,3
2894,两所,3
2357,九月份,3
1977,这条,3
1441,失业,3
2422,敷衍,3
2371,农村户口,3
2438,万左右,3
2373,享受,3
100,湖,3
2441,地下,3
2431,二楼,3
3303,晋原,3
384,全是,3
845,斑竹,3
3470,吊顶,3
2390,卡,3
914,绵阳,3
398,确实,3
2886,公立学校,3
846,园,3
1477,考虑一下,3
836,未有,3
885,后果,3
2912,水平,3
2403,赌博,3
354,速度,3
2343,老板,3
2856,北区,3
884,查处,3
2916,不行,3
2469,事故,3
2407,投诉无门,3
2881,熟,3
878,春节,3
823,夜间,3
2907,统一,3
1454,收,3
2464,路灯,3
4737,管控,3
1726,离职,3
4582,德商御,3
2396,营业,3
3123,确权,3
875,费用,3
1753,车道,3
3491,绿地,3
2350,挂,3
826,26,3
3490,城市形象,3
4583,璟,3
3069,分公司,2
1762,火,2
4024,集体,2
4133,音量,2
4211,监委,2
1752,车流,2
3134,银行,2
4210,省纪委,2
4021,公路,2
3314,非全日制,2
3335,诈骗,2
1644,学员,2
1948,事件,2
3102,1007,2
4197,2799,2
4201,着想,2
4215,灯不亮,2
1953,监控,2
1776,高峰,2
1794,交通拥堵,2
3068,卓为,2
1612,独立,2
3224,可否,2
1968,可惜,2
3120,张,2
1969,寿安镇,2
1970,长青,2
4224,上个月,2
3253,摆摊设点,2
3118,芦葭镇,2
4225,限日,2
3119,共乐,2
3067,大有,2
3241,到位,2
3227,配合,2
1975,雨天,2
3066,总公司,2
1613,审批,2
1618,产假,2
1619,结束,2
3124,两家,2
3317,研究生,2
1633,创新,2
3331,退,2
1632,科,2
4212,航道,2
4109,组织者,2
3320,类,2
4213,信号,2
1961,生铁,2
4129,公共场所,2
1657,网签,2
1962,屏风,2
1803,切换,2
1773,直行,2
1620,金,2
1802,宝鸡,2
1799,交,2
1656,借口,2
1846,捷普,2
1926,下午,2
4182,过路,2
4064,复耕,2
4063,宅基地,2
1882,百度,2
1883,大部分,2
4180,石头,2
1888,解答,2
1730,材料,2
3158,顶楼,2
3349,法拍,2
4068,一种,2
1840,断裂,2
1839,拱门,2
1838,破败,2
3177,停满,2
3079,手机卡,2
1837,游乐区,2
3271,100%,2
3191,西区,2
1691,鸿翔路,2
1841,整治,2
4041,有余,2
3086,稳定下来,2
3345,炒房,2
1721,党组织,2
3286,近日,2
1849,五十天,2
1852,差价,2
3170,断头,2
1708,康河,2
1855,支付,2
1862,太多,2
4156,自来水管,2
1864,人力资源,2
3174,车库,2
3176,两边,2
4175,车流量,2
3093,早已,2
1844,劳务,2
4088,现已,2
3159,露台,2
1682,公交站,2
1681,牡丹,2
4051,人行路,2
1920,努力,2
1832,铁制品,2
1830,花台,2
3099,牌楼,2
3342,壹号,2
1917,差,2
3260,落户,2
1919,公办,2
3259,引进,2
4187,地震,2
4152,是从,2
1922,通融,2
1823,接受,2
4188,入睡,2
1666,愤怒,2
3311,3o,2
3209,所属,2
1751,出入,2
1819,门诊,2
1912,租赁,2
4145,水垢,2
1911,带到,2
1833,锐角,2
3193,朗悦府,2
3264,批次,2
1739,学区,2
4049,铺,2
3076,银行卡,2
3344,抢房,2
4147,水压,2
4048,许诺,2
1677,来往,2
1745,成洛,2
3298,合适,2
3096,终点站,2
1834,易,2
1909,工商,2
3149,完,2
1910,营业执照,2
3343,青羊,2
1976,摔倒,2
3571,不利于,2
1978,必经,2
3690,西华,2
3732,星期,2
3733,外来,2
3735,卫生状况,2
3736,极差,2
2481,绕道,2
2850,减肥,2
2851,店,2
2852,一份,2
3741,进,2
2474,石牛,2
2473,市政,2
2472,忘,2
2854,无数,2
2466,照明,2
2461,合并,2
3752,更新,2
2456,公招,2
1597,签,2
3728,分配,2
2492,游玩,2
2829,是否是,2
2539,种植,2
2536,退林,2
2535,都江堰,2
3507,预留,2
2527,符合,2
2526,顺销,2
2828,私立,2
2830,整体,2
3492,健身,2
2832,全天,2
2509,热线,2
2838,户外活动,2
3719,劝阻,2
2844,崇阳,2
3495,老师,2
2848,巷,2
3489,不堪,2
2860,空中,2
2453,本科,2
2893,之内,2
3784,城北,2
2399,凌晨,2
3785,06,2
3788,2022.3,2
2387,买过,2
3469,并未,2
3468,玻璃门,2
2901,附属中学,2
2406,苦不堪言,2
2367,女,2
2902,尙,2
2903,丰,2
2904,会建,2
2905,学生宿舍,2
2360,片,2
2355,租房子,2
2884,意识,2
2410,12315,2
2861,线缆,2
3757,内江,2
2862,入地,2
2451,特岗,2
3754,接电话,2
2865,东二街,2
3755,线上,2
2447,派,2
3756,即可,2
3761,实体,2
2411,后续,2
3484,闲置,2
2433,大厅,2
2428,东西,2
2869,网鱼,2
2424,图片,2
3477,解决方案,2
2880,菜市场,2
3692,校园内,2
2545,华西,2
1979,泥,2
3515,五月,2
2699,停放,2
2697,三河,2
3554,现行,2
2693,打车,2
2692,两天,2
3591,空间,2
3596,群,2
2684,出发,2
3553,工程施工,2
3552,采暖,2
3551,排水,2
3550,给水,2
2683,通勤,2
3598,不顾,2
3549,2002,2
2674,单车,2
3548,GB50242,2
3582,中海,2
2760,该校,2
2712,主管部门,2
2743,东方,2
2737,住宅,2
2741,西河,2
3573,放,2
2733,高度重视,2
3574,停车场,2
2730,差点,2
2728,司机,2
3579,跟着,2
3560,敬盼,2
2720,35,2
2745,全款,2
3565,维权,2
2717,擅闯,2
2715,交叉口,2
2714,月季,2
2713,喜树,2
2672,居民区,2
3546,合格,2
3606,水质,2
2574,截图,2
3652,取,2
2796,强烈建议,2
3657,付款,2
3658,没到,2
2596,说好,2
2590,遗留问题,2
2580,税务,2
2566,摊,2
2605,随便,2
3679,商务局,2
2555,转手,2
3683,39,2
2552,实力,2
2803,交通部门,2
3524,变更,2
3522,权利,2
2604,师傅,2
2609,证,2
2668,实事,2
3630,父亲,2
3607,饮用,2
3540,一民,2
2664,非,2
3611,高攀,2
2657,科技园,2
2786,白鹤,2
2787,林,2
3536,西侧,2
2617,期房,2
3633,证明,2
2631,手机,2
2630,偷,2
2625,惯犯,2
3640,会计师,2
2620,满天飞,2
2619,复产,2
2908,住宿,2
2349,前段时间,2
2346,安宁,2
3816,土包,2
2086,45,2
2085,步行,2
2084,宽度,2
3365,千夫,2
2078,特,2
2077,望惠回,2
2076,心情,2
3042,高校,2
2075,安抚,2
3043,毕业生,2
2074,法,2
3363,以下几点,2
2073,确切的说,2
2070,担忧,2
2068,几代人,2
2063,无处,2
2062,暗无天日,2
2091,交通安全,2
3039,52,2
2100,放弃,2
2126,创业,2
2148,税务局,2
3022,外地,2
2144,税,2
3948,发函,2
2134,钥匙,2
2131,小贩,2
3376,属,2
3956,核心,2
2104,成员,2
3027,稳定,2
2117,永宁,2
2116,离开,2
3962,花费,2
2110,全职太太,2
2108,主小,2
2106,主大,2
2061,迷茫,2
2060,焦头烂额,2
2059,期盼,2
1985,最窄,2
1995,证实,2
1993,干部,2
3059,胆大妄为,2
1990,队长,2
3060,拒不承认,2
1987,侧身,2
1986,半米,2
3357,年限,2
2006,西部,2
3062,和谐社会,2
4013,三溪,2
3063,违反,2
1983,机耕,2
3064,公序良,2
1981,种树,2
3065,俗,2
3058,多月,2
4000,不说,2
2058,日夜,2
3988,安顺,2
2057,三室,2
3361,初衷,2
2053,放宽,2
3982,临河,2
2050,价格,2
2048,土,2
2046,查封,2
2036,房价,2
3999,忍受,2
3050,为啥,2
3992,关键,2
2027,转为,2
2026,选项,2
3051,2O21,2
3054,工,2
2019,草池,2
3018,发票,2
2152,二月,2
3932,渠县,2
3859,限行,2
2288,多户,2
2284,阳義,2
2942,欺诈,2
3437,达,2
2279,88,2
2273,09,2
3855,楼栋,2
2262,征得,2
2299,地面,2
2261,加班费,2
2260,周五,2
2259,周一,2
3861,成南,2
3864,石板,2
3436,公摊面积,2
3865,滩,2
2298,渗水,2
2301,塌陷,2
3428,世界,2
2323,辛苦,2
2339,之久,2
2337,铺面,2
2333,棚改,2
2332,移交,2
2329,最早,2
2328,映象,2
2327,东城,2
2322,一家人,2
2303,更是,2
2320,荟,2
2929,退房,2
2934,拖,2
2313,房想,2
3831,县政府,2
2937,何来,2
2939,不修,2
2949,租金,2
2239,治疗,2
2161,乡镇,2
3383,河,2
3389,可不可以,2
3917,押金,2
3003,不动产,2
3918,租车,2
2180,搬进,2
3387,开办,2
3006,一栋,2
3011,投用,2
2189,隔离,2
3012,物业公司,2
3014,国土面积,2
3015,干什么,2
3924,悄悄,2
3017,批文,2
2166,文经会,2
2164,增长,2
2996,施工单位,2
3911,❤,2
3877,北街,2
3406,借鉴,2
2235,注射液,2
2233,维生素,2
2972,十五,2
3408,段,2
2977,十二年,2
2232,药,2
3407,江安,2
3893,保护区,2
3394,玩意儿,2
2213,悦隽,2
2211,美凯龙,2
2210,红星,2
3900,变化,2
2990,问政,2
2992,敷衍了事,2
3904,盼,2
2488,缩短,2
1617,很着急,2
1105,西路,2
4322,拖拖拉拉,2
1217,私产,2
1380,红头文件,2
4644,下楼,2
4782,帮帮我,2
4784,怀孕,2
1390,打击,2
394,客厅,2
1393,执行,2
1402,川大,2
4530,择校,2
247,根本无法,2
1403,附属小学,2
1406,随迁,2
245,路面,2
4788,自来,2
1408,建成,2
928,最低,2
685,布,2
4531,率高,2
1372,请假,2
4792,看病,2
4488,均衡,2
1103,四价,2
292,巴德,2
291,工业园区,2
1361,岁,2
4404,推进,2
674,百忙之中,2
4777,分段,2
1366,三胎,2
4406,三界,2
4529,入学率,2
285,我要,2
283,标段,2
280,蜀都,2
943,三月,2
941,保障,2
389,味,2
1371,平时,2
4528,中铁,2
686,裂纹,2
4793,妇科,2
1194,泰兴,2
544,保障局,2
1429,堂,2
1205,路程,2
4542,拉入,2
548,所在地,2
910,干净,2
1275,有个,2
908,年久失修,2
4311,威胁,2
1048,九峰,2
921,打工,2
171,底,2
1198,长龙,2
163,声,2
693,修缮,2
4483,液化气,2
159,公鸡,2
1435,四期,2
1196,先路,2
183,答应,2
195,来源,2
228,不平,2
215,名次,2
4317,现金,2
1045,小升初,2
221,线桥,2
219,星空,2
4316,一半,2
217,蒲,2
1416,桥村,2
691,夏季,2
1420,社保卡,2
1046,万达,2
214,hpv,2
1422,审核,2
209,失地农民,2
1425,占线,2
1208,洗面,2
205,搪塞,2
1426,具体情况,2
202,履行,2
1360,推行,2
577,娃儿,2
1357,南门,2
636,考,2
335,彭路,2
4363,降为,2
1313,掉头,2
600,留在,2
1020,原岸,2
4659,简仁,2
599,大学毕业,2
359,花源,2
1247,拖延,2
1019,华侨城,2
598,老公,2
4391,湾,2
4763,净居寺,2
990,二路,2
328,预计,2
640,淮,2
987,海滨,2
641,口镇,2
1257,五福,2
1305,变相,2
580,黄家,2
1290,慢,2
4378,迁坟,2
1282,平,2
1274,树木,2
1272,种菜,2
1012,井水,2
1270,草坪,2
4666,预推,2
1289,效率,2
347,实地,2
621,听,2
1007,濛,2
352,增设,2
1262,块,2
1299,回家,2
1301,地下室,2
619,改善,2
611,焦虑,2
336,不设,2
1317,重庆,2
4492,回归,2
986,延伸,2
385,小孩子,2
308,几天,2
975,完善,2
1031,横穿马路,2
1348,百仁,2
1349,tod,2
380,蚊子,2
667,分片,2
1233,木工,2
1036,禁止,2
327,目前为止,2
672,学习,2
1230,茶,2
965,900,2
298,排放,2
1354,该片,2
581,厅村,2
964,便利,2
963,公共交通,2
976,150,2
373,多达,2
310,厂区,2
314,本质,2
644,过渡,2
1322,楼上,2
1323,卫生间,2
1324,漏水,2
4393,商场,2
592,刚需,2
326,截止,2
4356,龙泉驿,2
648,新增,2
4655,事,2
318,25,2
4751,自由,2
657,苏坡,2
660,英才,2
4489,缺乏,2
1338,大型,2
371,放牛,2
1053,融创,2
546,接听,2
4805,宫颈,2
4568,党中央,2
4273,支气管,2
4271,查出,2
1074,第四,2
1528,原定,2
1530,开庭,2
4831,高压线,2
1531,时间跨度,2
854,音响,2
1512,收到,2
1080,求问,2
4721,征集,2
1084,34,2
4570,家门口,2
4572,改革,2
83,本地人,2
849,摆,2
1513,接房,2
436,上课,2
1152,住房,2
97,严查,2
102,酒店,2
1149,清泉,2
727,云,2
864,一视同仁,2
862,市貌,2
728,选,2
861,市容,2
4282,危害,2
1511,都还没,2
4690,恒大文,2
4278,鉴定,2
1066,过大,2
435,师生,2
526,咨询电话,2
4274,哮喘,2
1443,养老,2
1539,告诉,2
844,干嘛,2
1542,补,2
497,篮球场,2
756,火车,2
757,南站,2
51,解决办法,2
1119,香榭,2
1097,物业费,2
469,涌泉,2
763,金汇,2
472,人口,2
4263,接触,2
798,高中,2
36,几位,2
474,迫切需要,2
1587,放心,2
6,上午,2
4711,意外,2
483,体育,2
1570,次,2
813,其他人,2
4248,清算,2
814,作,2
450,对口,2
517,12333,2
4614,分布,2
4576,中和南,2
745,进不去,2
515,报销,2
747,数据,2
459,有利于,2
4717,崇州市,2
505,盼复,2
822,视频,2
1091,100,2
71,停进去,2
4474,电路,2
498,网球场,2
532,公共服务,2
1277,推,2
4430,实名,2
1468,同一天,2
113,未付,2
904,疏通,2
1165,发出,2
413,有时候,2
4732,身为,2
538,就医,2
4736,校园,2
1478,英专生,2
897,地点,2
890,迫切,2
145,下雨天,2
4482,柴火,2
1186,大片,2
406,堵车,2
4295,油墨,2
717,确保,2
118,特此,2
4431,太久,2
1471,重要性,2
1470,两次,2
122,房在,2
892,生态,2
701,方案,2
141,电桩,2
1467,专八,2
1176,程序,2
1177,价,2
540,明细,2
414,交警,2
706,成熟,2
1482,群体,2
427,别墅区,2
4825,讨个,2
4806,息肉,2
4561,检修,2
899,166,2
426,保利,2
1453,自建房,2
132,十年,2
1487,APP,2
1451,大队,2
1061,人数,2
534,身份证号,2
1445,这是,2
4807,医生,2
709,稳评,2
4559,十号,2
417,早点,2
1182,顺序,2
1461,小道消息,2
401,形象,2
136,修下,2
1184,货运,2
723,意见,2
881,聚集,2
882,报警,2
1055,龙江路,2
3543,心事,1
4671,物价,1
4672,远远不够,1
3542,糟,1
3538,集,1
4670,补助费,1
4669,领到,1
3534,拥堵,1
4709,会后,1
3584,祥鹤三街,1
4708,冠冕堂皇,1
4668,快速,1
3537,出入口,1
4707,会议,1
4706,几次三番,1
4705,管委会,1
3583,万锦熙岸,1
4704,找过,1
4688,开建,1
3544,建厅,1
4703,QQ,1
3541,购买过程,1
4687,崇礼,1
3561,贵局,1
4673,高龄,1
4694,想当初,1
4685,自此,1
4693,无论如何,1
4679,川内,1
3578,那幢,1
4684,秉持,1
3564,接头,1
3572,栏贵坊,1
4692,2303,1
4683,真心,1
4691,314,1
3563,现行标准,1
3559,标准文件,1
3562,地下管道,1
3576,汔,1
4682,不解,1
4680,各大,1
4681,逐个,1
4678,往来,1
3566,汽配城,1
4702,员,1
3555,国家标准,1
4674,准确,1
4701,网格,1
3547,救济,1
4700,第一套,1
3567,几大块,1
4699,平身,1
4698,半辈子,1
4697,恒大去,1
3575,长益路,1
3581,对换,1
4696,509,1
4677,频繁,1
3580,城市户口,1
4686,风栖路,1
4695,奔,1
3569,多来,1
3570,安逸,1
3577,配城,1
4227,灯亮,1
4667,现预,1
3677,牛市,1
3671,解释,1
4623,稀缺,1
3672,搬迁,1
4622,以西,1
3673,这件,1
3674,普通群众,1
4621,低密度,1
3676,签合同,1
3678,监督管理,1
3585,588,1
4620,产城,1
3680,调节,1
3681,局在,1
3682,人未,1
4619,街区,1
4618,通畅,1
3684,草堂,1
4617,在内,1
3670,国投,1
3669,房屋产权,1
4624,小多校,1
3668,未能,1
3659,心凉,1
3660,大半辈子,1
3661,投进来,1
3662,东,1
4632,正确,1
4631,树立,1
4630,做法,1
4629,不均,1
4628,寡而患,1
4627,不患,1
4626,古人云,1
3663,马棚,1
3664,响应,1
4625,只求,1
3665,号召,1
3666,东景,1
3667,调换,1
3685,迁到,1
4616,良性循环,1
4615,相互促进,1
3705,代价,1
4608,内新开,1
3707,浪费,1
3708,利用,1
3709,垃圾堆,1
4607,整合,1
4606,矛盾,1
3712,丢,1
4605,数千个,1
4604,数十个,1
3714,破烂,1
3715,木板,1
4603,极低,1
4602,适龄儿童,1
4601,金悦,1
4600,蓝光,1
4599,南汇,1
3717,楼梯间,1
3706,几户,1
3704,寿安,1
3687,放着,1
4610,有限,1
3688,省外,1
3689,省份,1
3691,在校,1
3693,建有,1
3694,兴瓦,1
4613,平均,1
3695,裕民,1
3696,村离城,1
4612,生源,1
4611,附小,1
3697,天宸,1
3698,区底,1
3699,商,1
3700,破墙,1
3701,商用,1
3702,极易,1
3703,外立面,1
4633,价值,1
3656,赔,1
3655,催着,1
3601,叫停,1
4657,停进,1
4656,心病,1
3604,江村,1
3605,太破,1
4654,解决不了,1
4653,其事,1
3608,沉淀物,1
3610,音产,1
4652,不谋,1
3612,280,1
3613,早该,1
4651,其位,1
4650,业委会,1
4649,杂乱无章,1
3615,翻看,1
3616,网友,1
3618,农科,1
3602,不负责任,1
3600,不堪设想,1
3620,农大,1
3599,号房,1
3586,锦江,1
3587,最贵,1
3588,悄悄地,1
4665,下达,1
4664,202l,1
3589,天井,1
3590,私人,1
4663,真,1
4662,可正,1
3592,步梯,1
4661,时村,1
3593,窗户,1
3594,封进,1
3595,违搭,1
4660,时所征,1
4658,修金,1
3597,准许,1
3619,川,1
3621,锦汇城,1
3654,制作,1
4640,此致敬礼,1
4639,跨越式,1
3642,技能,1
4638,推动,1
3643,职业,1
3644,资格证书,1
3645,技术类,1
3646,职业技能,1
3647,等级证书,1
3648,灰色,1
3649,应,1
3650,中国,1
4637,长远,1
3651,人事,1
4636,概念,1
4635,淡化,1
4634,导向,1
3653,纸质,1
3641,经办,1
4641,年老,1
3622,枫丹西悦,1
4642,破小,1
3623,金樽府,1
3624,离此,1
3625,孩,1
3627,场所,1
3629,河南,1
4648,水管,1
4647,不全,1
3631,离世,1
3632,迁回来,1
4646,愉快,1
4645,闹,1
3634,绣,1
3635,一排,1
4643,楼层,1
3636,熙熙攘攘,1
3637,矮,1
3638,有何,1
3626,困难,1
3481,合能,1
3532,重点中学,1
4823,骗骗,1
3334,行,1
3336,之实,1
3338,百,1
4815,后查,1
3340,漠视,1
3341,投机倒把,1
4814,七千元,1
4813,一共,1
4812,前前后后,1
4811,手术,1
4810,骗来,1
4809,这家,1
4808,搜,1
3346,网络,1
3347,法拍房,1
3348,广告,1
4804,中说,1
4803,480,1
4802,阴超,1
3333,名号,1
3332,民事纠纷,1
4816,正规,1
3323,前程,1
4821,痛恨,1
3315,硕士,1
3316,毕业,1
4820,七千块,1
3318,认定,1
3319,D,1
3321,十月,1
3322,赢,1
4819,几百块,1
3330,扯皮,1
4818,两千多,1
3324,忽悠,1
3325,人民币,1
4817,做人流,1
3326,三万元,1
3327,说考,1
3328,全额,1
3329,日期,1
4801,白带,1
4800,查尿,1
3350,198,1
4780,先,1
3368,唐昌,1
3369,需回,1
3370,唐昌读,1
4781,境内,1
3371,九年,1
3372,义务,1
3373,阶段,1
3374,差别,1
4779,三四,1
4785,妇幼保健,1
3375,两镇,1
4778,体贴,1
3377,唐昌镇,1
3378,唐昌上,1
3379,村离,1
4776,S11,1
3380,苦,1
3381,给予帮助,1
3367,太远,1
3364,唐元镇,1
3351,起拍价,1
4796,主任,1
4799,验血,1
3352,拍卖,1
3353,赚,1
3354,规避,1
3355,网,1
3356,红盘,1
4798,一去,1
4797,坐诊,1
3358,售,1
4786,挂号,1
4795,余,1
3359,条款,1
4794,姓,1
4791,假装,1
4790,问这问那,1
4789,伪装,1
3362,此类情况,1
4787,途中,1
4822,封信,1
3313,计算,1
4774,警报,1
3312,2o,1
3255,博士学位,1
3256,入,1
3257,职到,1
3258,西南,1
4843,起火,1
4842,过道,1
4841,东街,1
3261,待遇,1
4840,猛追,1
4839,差劲,1
3265,短短,1
3266,新源,1
3267,爷爷,1
4838,车满路,1
3268,现做,1
4837,双桥,1
3269,遗产,1
3270,分割,1
4836,艰苦,1
3254,海外,1
4844,救火车,1
4845,交管部门,1
4847,杜绝,1
3236,填表,1
3237,风景,1
3238,成景,1
3239,筑,1
3240,物业管理,1
4849,42,1
3242,提醒,1
4848,昭忠祠,1
3243,施工人员,1
3252,建材,1
3244,暴力,1
3246,坠层,1
3247,多部,1
3248,平稳,1
3249,晃动,1
4846,贴条,1
3250,运行状况,1
3251,检测,1
3272,四代,1
3273,人充,1
3274,85,1
3302,大邑,1
4830,铁路线,1
4829,原高,1
3295,干枯,1
3296,绝收,1
3297,上游,1
3299,开闸放水,1
3300,劳作,1
3301,天新大,1
4828,双泉,1
3293,蔬菜,1
4827,万安镇,1
3304,镇原,1
3305,华三村,1
3306,3.4,1
4826,正义,1
3309,先签,1
3310,继签,1
4824,人性,1
3294,农作物,1
3292,灌溉,1
3275,芳草,1
4834,远距离,1
3276,指,1
3277,泰国,1
3278,多新盘,1
3279,舒服,1
3280,瞬间,1
3281,拉低,1
4835,几十米,1
3282,档次,1
3283,三道,1
3291,太低,1
3284,堰镇,1
3285,八步,1
4833,牵涉到,1
4832,移位,1
3287,高温,1
3288,无雨,1
3289,柏条河,1
3290,水位,1
4775,域,1
3382,桤木,1
3531,交通秩序,1
4749,时节,1
4739,迹象,1
3478,原样,1
3479,照价赔偿,1
3480,鹏程,1
4598,城锦,1
3482,珍宝,1
3483,琥珀,1
4738,辛勤,1
3485,驻扎,1
3486,撤走,1
3487,扔,1
3488,混乱,1
4735,返校,1
4734,二十日,1
4733,防控,1
4731,️,1
4730,盼望,1
4729,事项,1
4728,没什么,1
3476,踩坏,1
3475,防水,1
3474,做门头,1
3466,玉林,1
3460,三个,1
3461,死,1
3462,歪,1
3463,耽误,1
3464,很无语,1
3465,九月初,1
4747,感受,1
4746,野花,1
3467,附,1
4740,当前情况,1
4745,满山,1
4744,看遍,1
4743,春天,1
4742,小小的,1
3471,下雨,1
3472,橱窗,1
3473,大面积,1
4741,拘束,1
4727,两三次,1
3493,散步,1
3494,之用,1
3521,离婚,1
3513,怡心,1
3514,应届,1
4714,1.5,1
3516,答辩,1
3517,离校,1
3518,择业,1
3519,紧张,1
3520,两人,1
3523,享有,1
4715,保质,1
4713,旅城约,1
3525,水利,1
3526,未登记,1
3527,小吃,1
3528,商贩,1
4712,特请,1
3530,受理,1
4710,拍拍,1
3512,总比,1
3510,名额有限,1
4726,填写,1
3502,诚园,1
4725,电信,1
4724,水泥路,1
3496,龙樾湾,1
3498,一年一度,1
3499,怡心湖,1
3500,西派,1
4723,能通,1
3501,国樾,1
4722,意向,1
3509,学位,1
3503,不招,1
4720,乡,1
4719,燎原,1
3504,中班,1
4718,白头,1
3505,入园,1
3506,主旨,1
4716,保时,1
4748,美好生活,1
4750,出校,1
4773,响,1
3459,九路,1
3404,总会,1
3405,吐槽,1
4766,明天,1
4765,点多,1
4764,C,1
3409,做事,1
3410,拖拉,1
3411,稍微,1
3412,点心,1
3413,所述,1
3414,高质量,1
3415,润恒城,1
3416,如能,1
3417,我来,1
3418,急死了,1
3419,河谷,1
3420,期外,1
3421,运动场,1
3422,扭伤,1
3403,创意,1
3402,大煞风景,1
3401,城堡,1
3391,时代,1
3384,湿地,1
3385,步,1
4772,连带,1
3386,垃圾场,1
4771,大到,1
3388,机构,1
4770,睡不着,1
3390,朝阳,1
3392,西锦,1
3400,晒太阳,1
3393,门外,1
4769,吵得,1
4768,起床,1
3395,修个,1
3396,东东,1
3397,区区,1
4767,一早,1
3399,春暖花开,1
3423,磕伤,1
3424,四处,1
3425,散落,1
3451,还关,1
4755,祝,1
3445,商贸,1
3446,福宁路,1
3447,二个,1
3448,匝道,1
3449,开放,1
4754,阅读,1
3450,具备,1
3452,坑,1
3444,蓉,1
4753,体会,1
3453,惨,1
3454,周六,1
3455,周天,1
3456,大人,1
4752,妨碍,1
3457,民生问题,1
3458,理工大学,1
4756,顺利,1
3443,入城段,1
3426,篮球,1
3435,提及,1
3427,框,1
4762,十余年,1
3429,过度,1
3430,事实上,1
3431,水电,1
3432,气,1
3433,三通,1
3434,民用,1
4761,修通,1
3442,不胜感激,1
4760,邛,1
3438,百分之,1
3439,不知情,1
4759,成温,1
4758,北段,1
3440,签订合同,1
3441,协助,1
4757,晨曦,1
3718,来过,1
3775,自动,1
3720,家庭成员,1
4047,损毁,1
4349,产业园,1
4348,空天,1
4347,打架斗殴,1
4346,楼上住户,1
4052,疑问,1
4345,划拳,1
4344,一到,1
4053,说话,1
4054,诚信,1
4055,信任,1
4056,本应,1
4343,火锅,1
4057,脱,1
4058,人力,1
4342,牛杂,1
4059,何等,1
4060,笑话,1
4061,条路,1
4341,六毛,1
4350,在此期间,1
4046,断定,1
4062,老年人,1
4351,紧急,1
4034,桂香,1
4035,一而再,1
4036,再而三,1
4037,失信,1
4038,这三条,1
4039,华语,1
4040,悦榕,1
4360,校内,1
4359,校,1
4042,没铺,1
4358,严禁,1
4043,沥青,1
4357,所在区,1
4044,交投,1
4045,打官司,1
4355,出门,1
4354,短暂,1
4353,院长,1
4352,辅导员,1
4340,抓好,1
4339,符合要求,1
4032,用于,1
4083,完工后,1
4085,万元,1
4086,智远,1
4331,猜想,1
4330,心里有数,1
4087,十字路口,1
4329,施工工艺,1
4089,废弃,1
4328,任然,1
4325,群众反映,1
4324,临时,1
4323,排污,1
4090,一队,1
4321,新房子,1
4091,跳,1
4093,外设,1
4094,音响设备,1
4095,奇大,1
4096,困扰,1
4320,原大井村,1
4084,追帐,1
4082,生活费,1
4338,口子,1
4332,过后,1
4065,增减,1
4066,赔偿款,1
4067,手中,1
4337,几厘米,1
4069,感激,1
4070,敬,1
4071,镇玉府,1
4072,路融,1
4073,创文,1
4074,楼二,1
4336,裂开,1
4076,一局,1
4335,技术含量,1
4077,下属,1
4334,中旬,1
4078,分包,1
4079,南源,1
4080,中途,1
4081,只发,1
4033,短信,1
4031,财产,1
4597,南郡,1
4407,招商,1
4403,校方,1
4402,交钱,1
3995,不停,1
3996,叫卖,1
4401,历时,1
3997,之大,1
4400,适用房,1
3998,到家,1
4399,职工,1
4001,专心,1
4002,功课,1
4398,中医药大学,1
4004,双减,1
4005,减轻,1
4397,招租,1
4396,预定,1
4006,负担,1
4395,开不开,1
4394,开业,1
4405,阳镇,1
3994,高音喇叭,1
4007,不去,1
3993,拿个,1
3981,拥戴,1
4420,七八十,1
4419,过时,1
4418,窗外,1
4417,拉沙,1
3983,转热,1
4416,热线电话,1
4415,12369,1
3986,十二,1
3987,交界处,1
4414,生产,1
4413,极起,1
3989,兴安,1
4412,合规,1
4411,这沙厂,1
4409,一打,1
3990,床单,1
3991,被子,1
4408,招来,1
4392,曼购,1
4008,一环,1
4030,抽水,1
4372,应有,1
4370,犯人,1
4017,挖,1
4018,水塘,1
4019,长鸿,1
4020,赵三隆,1
4369,关押,1
4368,所在区域,1
4366,师范大学,1
4022,旁,1
4365,学院,1
4364,旅游,1
4023,长林村,1
4025,生产队,1
4026,养鱼,1
4027,召集,1
4028,商议,1
4362,来回,1
4361,航空港,1
4029,不许,1
4371,成年人,1
4015,林村,1
4390,亚洲,1
4014,镇长,1
4389,洲际,1
4388,罚单,1
4387,贴,1
4386,协警,1
4010,重点,1
4385,三五天,1
4011,放任不管,1
4012,安静,1
4384,隔,1
4383,富士康,1
4382,56,1
4381,安置费,1
4380,迁入地,1
4379,牵头,1
4377,自行解决,1
4376,祖坟,1
4375,需占,1
4374,组因,1
4373,分水,1
4097,远隔,1
4319,高铁,1
4098,400,1
4269,劳动保护,1
4268,体检,1
4267,粉尘,1
4189,醒,1
4190,垮,1
4266,吸塑,1
4191,提心吊胆,1
4192,春熙路,1
4193,全,1
4194,网通,1
4195,以送,1
4265,颗粒,1
4262,工种,1
4196,学习机,1
4260,装,1
4259,包装,1
4198,免费送,1
4258,艺术,1
4199,确收,1
4200,一心,1
4186,抖动,1
4185,烂路,1
4202,一看,1
4270,品,1
4171,吴仲良,1
4172,无数次,1
4173,批下来,1
4174,修整,1
4286,酒,1
4285,丢珍,1
4284,有毒,1
4176,国道,1
4283,因素,1
4178,多且,1
4281,岗位,1
4280,作假,1
4179,掉落,1
4277,诊断,1
4181,砸碎,1
4276,法给,1
4275,职业病,1
4184,每辆车,1
4272,肺部,1
4257,盛世,1
4203,上当受骗,1
4318,小半,1
4218,航空安全,1
4240,管辖区,1
4239,设备,1
3234,德寿,1
4219,法规,1
4238,物管,1
4220,楼顶上,1
4237,调查小组,1
4236,成立,1
4235,违法乱纪,1
4234,航空局,1
4233,管科,1
4221,红色,1
4222,警示灯,1
4223,亮显,1
4232,物,1
4231,房管局,1
4230,申批,1
4229,空难,1
4228,失职,1
4241,暗访,1
4242,一律,1
4256,德阳,1
4217,无人管,1
4255,宝沱村,1
4204,因走,1
4205,匆忙,1
4206,售后,1
4254,问一,1
4207,单据,1
4208,弄掉,1
4209,退回来,1
4253,清静,1
4252,民情,1
4251,体恤,1
4250,昆华路,1
4249,石羊,1
4247,美观,1
4246,大坑,1
4245,回填,1
4244,领导职务,1
4216,不亮,1
4243,免职,1
4170,新市镇,1
4169,打不着,1
4287,全用,1
4118,长,1
4120,防治法,1
4312,工资条,1
4310,一毛不拔,1
4121,着手,1
4309,体检费,1
4122,明文规定,1
4308,干,1
4123,公安机关,1
4124,警告,1
4125,屡教不改,1
4126,予以,1
4127,两百元,1
4307,史,1
4128,一千元,1
4130,遵守,1
4131,管理者,1
4132,时段,1
4306,实事求是,1
4305,扩张,1
4119,我国,1
4117,持续时间,1
4288,伪劣,1
4116,音乐,1
4099,清晰,1
4100,听到,1
4101,很劲,1
4102,爆,1
4103,执法人员,1
4104,真实,1
4105,感受一下,1
4106,此前,1
4107,报过警,1
4108,私下,1
4315,劳动合同,1
4110,人群,1
4111,争执,1
4112,照常,1
4113,高亮,1
4114,喇叭,1
4115,播放,1
4314,解除,1
4313,从进,1
4304,过敏,1
4134,采取有效,1
4303,发痒,1
4135,噪声污染,1
4294,装置,1
4155,大桥,1
4157,冲段,1
4293,防碳,1
4158,镇上,1
4159,说桥,1
4160,接通,1
4292,车间,1
4161,70%,1
4162,安,1
4163,增压泵,1
4164,冬天,1
4291,打样,1
4165,洗个,1
4166,澡,1
4167,没水,1
4290,印刷机,1
4289,重,1
4168,热水器,1
4296,碳水,1
4154,唐场,1
4153,发大水,1
4143,汪,1
4136,违反规定,1
4137,音响器材,1
4138,支撑,1
4139,脏乱,1
4140,破集,1
4141,正对,1
4142,上安镇成,1
4302,咳嗽,1
4301,天那水,1
4151,足,1
4300,密不通风,1
4299,作业,1
4298,调,1
4146,水龙头,1
4148,成问题,1
4149,成汪,1
4297,倒,1
4150,搬,1
4421,分贝,1
4422,沙车,1
4423,来来去去,1
4541,霸道,1
3810,金枫,1
4540,后顾之忧,1
3811,交叉路口,1
4539,安居乐业,1
3812,围而,1
3813,不建,1
4538,奋斗,1
3814,启动,1
4537,吸引,1
3815,本月,1
4536,蒸蒸日上,1
4535,充满活力,1
4534,上不来,1
3817,上万,1
4533,人气,1
4532,均衡性,1
3818,华润,1
3819,云庭,1
4527,德商,1
3809,金茶路,1
3808,金茶,1
3820,围到,1
4544,一位,1
3791,07,1
4548,化学,1
3792,0311,1
3793,40,1
3794,没见,1
4547,弱,1
3795,意义,1
3796,何在,1
3797,打个,1
3798,问一嘴,1
3799,摆设,1
3800,随时随地,1
4546,独享,1
3801,无时无刻,1
4545,得到享受,1
3802,接,1
3803,没得,1
3804,00.59,1
3805,全域,1
4525,呼声最高,1
3821,租,1
3848,南庭,1
3835,实质性,1
3836,彻查,1
4512,欺瞒,1
4511,调用,1
3837,报建,1
3838,明明白白,1
4510,千方百计,1
3839,交代,1
3840,够,1
3841,抄作,1
3842,燃气,1
3843,初装费,1
3844,交费用,1
4509,抱怨,1
4508,甚数,1
4507,跨越,1
3845,8700,1
4506,读好,1
3846,司马,1
4505,调取,1
4513,工具,1
4514,此风,1
4524,欠缺,1
3834,致使,1
4523,前期,1
4522,精进,1
3822,围下去,1
4521,效仿,1
3823,破产,1
4520,专列,1
4519,忽视,1
4518,拿来,1
3824,断贷,1
3826,总平图,1
3827,294,1
4517,居心,1
4516,将会,1
3828,配,1
3829,81,1
3830,规自局,1
4515,助长,1
3832,粘贴,1
3833,复制,1
3790,西郊,1
3789,2022.7,1
4549,区房,1
3740,汇盛,1
3742,一部分,1
4586,供参考,1
3743,对不上,1
3744,官网,1
4585,全力支持,1
3745,同步,1
3746,第一批,1
3747,城市更新,1
4584,认同,1
3748,王家,1
3749,塘街,1
4581,对多校,1
4580,教育方针,1
3750,紧邻,1
3751,改,1
4579,罔顾,1
4578,大局,1
4577,表示感谢,1
4575,智慧,1
4587,抓住,1
3739,积分,1
4550,战略部署,1
3738,办晚,1
3722,理性,1
4596,正成,1
3723,蛮不讲理,1
3724,简,1
3725,城镇,1
3726,高屋,1
3727,六组,1
4595,翡翠,1
4594,颐和,1
3729,杳无音信,1
3730,督办,1
3731,该项,1
4593,紫金,1
4592,事实,1
3734,及过,1
4591,日益增长,1
4590,配置,1
4589,现有,1
3737,05,1
4574,魄力,1
4573,排头兵,1
3753,程度,1
4571,大政方针,1
4226,恢复正常,1
4560,声称,1
3776,扣款,1
3777,重复,1
3778,交纳,1
4557,一周,1
4556,世贸,1
3779,区金岛,1
3780,沿江,1
3781,安河,1
4555,爱,1
3782,防洪,1
3783,河堤,1
4554,海亮,1
4553,妥善,1
3786,58,1
4552,恳求,1
3787,欧郡源,1
4551,大势所趋,1
3774,积务局,1
3773,爱人,1
4562,五点,1
3765,遥遥无期,1
3758,后进,1
3759,政务,1
3760,始终,1
4569,创办,1
3762,刷卡,1
3763,电子卡,1
4567,贯彻,1
3764,清波,1
4566,电气设备,1
3771,打通,1
3766,质询,1
4565,九点,1
3767,85339176,1
3768,多分钟,1
4564,当天,1
3769,江路,1
3770,黄金,1
4563,来电,1
3847,高宇,1
3849,纵容,1
4424,学历,1
3950,期限,1
4464,木梁,1
3952,未说明,1
3953,相领,1
4463,预制板,1
3954,动静,1
4462,砌,1
3955,文旅城,1
4461,砖,1
4460,年代,1
3957,地段,1
3958,门面,1
4459,基本农田,1
3959,旅游业,1
3960,普通家庭,1
3961,此房,1
4458,泸,1
4457,成自,1
4456,头疼,1
4455,管管,1
3951,届满,1
3949,至交,1
3963,心血,1
4465,石棉瓦,1
3931,达州,1
4471,房屋内,1
3933,渠江,1
3934,流域,1
3935,采石,1
3936,采砂,1
3937,开采,1
4470,倒塌,1
3938,支付宝,1
3939,点击,1
3940,四月,1
4469,裂缝,1
3941,我想,1
4468,摧残,1
3943,营养,1
3944,融创文,1
4467,打桩,1
4466,汶川,1
3947,因新冠,1
4454,管一管,1
3964,偿付,1
3850,敲打,1
3976,一步,1
4441,乡村,1
4440,居民楼,1
3977,进一步,1
4439,震耳欲聋,1
3978,民心,1
4438,轮番,1
4437,十几辆,1
4436,点大,1
4435,点到,1
4434,徐堰,1
4433,姜村,1
4432,镇汉,1
3979,党和政府,1
3980,信赖,1
4429,置换,1
4428,迁至,1
4427,卖掉,1
4426,有且,1
4425,自由职业,1
4442,拉,1
3975,举措,1
3965,流离失所,1
4443,尘舞,1
4453,赛车,1
3966,得不偿失,1
4452,赶上,1
4451,车速,1
4450,回荡,1
3967,冰山一角,1
4449,耳边,1
3968,党国,1
4448,轰隆隆,1
3969,宗旨,1
4447,噪声,1
4446,夸张,1
4445,伸手不见五指,1
4444,飞扬,1
3970,心系,1
3971,福祉,1
3972,深入调查,1
3973,联合,1
3974,务实,1
4472,凌乱,1
4473,曾今,1
3930,禁采期,1
3866,开车,1
3868,钟,1
3869,绕城,1
3870,半个,1
3871,限号,1
3872,就会花,1
3873,很长,1
3874,黄土,1
3875,洛带,1
3876,兴业,1
4491,对立,1
4490,拥护,1
3878,欣茂,1
3879,西郡兰庭,1
3880,锦宁巷,1
3881,回访,1
3882,线下,1
3883,中环,1
3884,十里,1
3885,风,1
3867,上班时间,1
4493,耳有,1
3929,禁渔,1
4495,大方向,1
3851,墙体,1
4504,教育部门,1
3852,空调,1
3853,外机于,1
3854,内部,1
4503,角度,1
4502,提到,1
4501,标的,1
3856,排气扇,1
3857,排出,1
3858,气味,1
4500,纳入,1
4499,霸占,1
4498,要读,1
4497,细节,1
3860,市中心,1
4496,框架,1
3862,发达,1
3863,可说,1
3886,第三期,1
3887,规划图,1
3888,投入使用,1
4487,毋庸置疑,1
4481,家家,1
3914,点赞,1
3915,海通,1
3916,一达,1
4480,发热,1
4479,过载,1
4478,短路,1
4477,电器,1
3919,10000,1
3920,退车,1
3921,锁车,1
3922,昨天晚上,1
3923,厂家,1
4476,大功率,1
3925,拖走,1
3926,偷走,1
4475,带动,1
3927,多钱,1
3928,无助,1
3913,大恩大德,1
3912,忘记,1
3910,费点,1
3896,北改,1
3889,距今,1
3890,外墙,1
3891,裂痕,1
3892,水源,1
4485,消防车,1
3894,交通要道,1
4484,大气污染,1
3895,不紧,1
3897,越往后,1
3909,感激不尽,1
3898,越大,1
3899,走向,1
3902,推荐,1
3903,利国利民,1
3905,好点,1
3906,心愿,1
3907,舒适,1
3908,难题,1
3235,九组,1
2425,为证,1
3233,大划,1
1433,讨薪,1
1411,及市,1
1412,领导班子,1
1414,得知,1
1415,沈家,1
1424,电弧,1
1427,邛崃,1
1428,十方,1
1430,工人,1
1431,围堵,1
1432,售楼部,1
1434,因购买,1
1472,不言而喻,1
1442,工伤,1
1446,宝妈,1
1448,压力,1
1449,施家镇,1
1450,环溪,1
1455,瑞泉,1
1459,查看,1
1460,信件,1
1465,4.23,1
1466,英语,1
1410,凤朝,1
1401,新街,1
1397,断开,1
1392,意愿,1
1344,好不容易,1
1350,千亩,1
1351,演艺,1
1352,体,1
1353,盘活,1
1355,活力,1
1356,像样,1
1358,东门,1
1364,鼓励,1
1367,满心,1
1368,幼龄,1
1369,生病,1
1370,耽搁,1
1373,更好,1
1374,照顾,1
1379,可休,1
1383,机制,1
1385,利好,1
1386,996,1
1389,恶劣,1
1391,生孩,1
1469,一生,1
1473,教招,1
3232,能为,1
1551,021,1
1536,欠薪,1
1537,债务人,1
1538,得意洋洋,1
1540,按程序,1
1541,主动,1
1544,寒心,1
1545,守法,1
1546,公民,1
1549,就业者,1
1550,合法权益,1
1552,区恒,1
1475,没出,1
1553,大林,1
1554,溪,1
1555,郡,1
1558,三辈,1
1559,凑够,1
1561,这套,1
1562,还烂,1
1564,看不到,1
1565,保交楼,1
1566,动车组,1
1533,总体,1
1520,型材,1
1519,万盟,1
1518,天回,1
1480,一小部分,1
1481,牺牲,1
1483,二选,1
1484,难过,1
1486,日丹,1
1490,4000,1
1492,暂停,1
1493,致电,1
1494,页面,1
1496,前来,1
1497,朋友,1
1498,给与,1
1500,柏合镇,1
1501,南山村,1
1502,原工,1
1503,龙泉山,1
1504,森林公园,1
1505,退耕还林,1
1507,移民,1
1508,海德,1
1517,回事,1
1343,还否,1
1342,好像,1
1341,万方,1
1215,迁居,1
1200,二十多年,1
1202,街上,1
1203,X40,1
1204,652,1
1206,四五,1
1209,挢,1
1210,82,1
1211,市府,1
1212,干道,1
1214,一带,1
1216,一分,1
1340,购物,1
1218,公房,1
1219,还交着,1
1220,房租,1
1221,关健,1
1222,4o,1
1225,违险,1
1226,无人过问,1
1229,煎,1
1231,五里,1
1232,190,1
1195,镇到,1
1192,性控规,1
1191,详细,1
1190,这片,1
1145,不良影响,1
1147,福洪镇,1
1148,幸福村,1
1150,镇五桂村,1
1154,黄泥,1
1155,堰路,1
1156,银杏,1
1157,苑,1
1160,重新安排,1
1161,L042,1
1162,从洛带,1
1163,客运,1
1169,发车,1
1174,幸福感,1
1175,3.9,1
1178,却说,1
1180,无效,1
1181,苗后,1
1185,以南,1
1188,性质,1
1189,喃,1
1234,总,1
1236,实发,1
1237,剩于,1
1295,改车,1
1302,下周,1
1303,扫码,1
1304,开门,1
1307,应立即,1
1308,取缔,1
1309,并重,1
1310,送,1
1314,待来,1
1315,挫败,1
1316,邪气,1
1319,回到,1
1321,改回,1
1326,得不到,1
1327,约苗上,1
1331,不太,1
1332,乐观,1
1333,闭塞,1
1334,三环路,1
1335,西站,1
1336,割裂,1
1337,开来,1
1297,电动车,1
1292,龙,1
1238,未发,1
1288,十个,1
1239,勾通,1
1241,帮帮忙,1
1244,黄坝村,1
1245,选房,1
1246,一在,1
1248,面,1
1249,公立医院,1
1250,2022.1,1
1251,2417,1
1253,47,1
1258,上风,1
1259,瑞庭,1
1265,何年何月,1
1266,挨,1
1267,温泉,1
1273,杂七杂八,1
1281,88.5,1
1283,二手房,1
1284,转迁,1
1285,初审,1
1287,复审,1
1569,C6660,1
1571,名山,1
1572,始发,1
1808,完毕,1
1791,交汇处,1
1795,堵住,1
1796,出不去,1
1797,排长队,1
1798,后方,1
1800,分离,1
1801,陕西,1
1804,新鸿南,1
1805,支路,1
1807,签署,1
1810,一月份,1
1750,行车道,1
1812,一等,1
1813,家人,1
1814,剩下,1
1816,不发,1
1817,燃眉之急,1
1818,九个,1
1820,拨打,1
1822,永远,1
1824,川藏,1
1826,浦江,1
1790,吉龙二街,1
1789,一街,1
1788,吉龙,1
1787,由南向北,1
1755,单独,1
1756,辅路,1
1757,左,1
1758,转车,1
1759,一掉头,1
1760,堵死,1
1761,非机动车,1
1763,三轮,1
1766,揽客,1
1767,地铁口,1
1768,客,1
1770,三天,1
1771,原形,1
1772,变,1
1774,反,1
1775,仔细,1
1777,车多,1
1778,转弯,1
1779,代行,1
1781,这路,1
1783,远景,1
1827,寿安站,1
1828,彭山,1
1829,联络线,1
1876,侄儿,1
1878,已读,1
1879,直系亲属,1
1880,住所,1
1881,哥哥,1
1885,特意,1
1886,报,1
1887,权威,1
1889,老城,1
1890,楼房,1
1892,地处,1
1895,耆亭,1
1896,二组,1
1897,组上,1
1900,上交,1
1901,批准,1
1902,存档,1
1903,钱才行,1
1904,地基,1
1907,个体,1
1908,工商户,1
1915,5.1,1
1877,香山,1
1875,并入,1
1831,四周,1
1873,妹妹,1
1835,伤人,1
1842,人祸,1
1843,博信,1
1845,派遣,1
1848,在职,1
1850,钟头,1
1851,十元,1
1853,干够,1
1854,只愿,1
1856,873.2,1
1857,应付,1
1858,相差,1
1859,甚远,1
1861,黑中介,1
1863,管制,1
1865,圣灯,1
1866,刺伤,1
1867,孩童,1
1869,平窝乡,1
1870,古佛,1
1871,庵,1
1754,没车,1
1749,条直,1
1573,经停,1
1639,板块,1
1623,证号,1
1625,鉴湖,1
1626,栖郡,1
1628,大门,1
1629,好了吗,1
1631,提,1
1635,息息相关,1
1636,释家,1
1637,平安,1
1638,一代,1
1641,考过,1
1747,堵成,1
1642,试,1
1643,异地,1
1646,掉,1
1647,三星,1
1648,栖贤,1
1649,打不上,1
1650,没底,1
1652,49,1
1654,投锦澜悦,1
1655,山臻园,1
1621,计划生育,1
1616,没动静,1
1614,眼看,1
1607,林居,1
1576,能经,1
1577,列车,1
1578,外地人,1
1579,来到,1
1581,鼎帝,1
1582,汽车贸易,1
1583,棕榈,1
1584,懂,1
1586,预售,1
1589,黑暗,1
1590,石盘,1
1591,大石,1
1592,包村,1
1593,有户,1
1594,无房,1
1595,货币,1
1599,补充,1
1603,资金紧张,1
1604,彭镇,1
1605,柳,1
1606,湖锦苑,1
1661,以住,1
1662,网络系统,1
1663,推迟,1
1709,距离远,1
1714,实验,1
1715,附属,1
1717,强烈要求,1
1718,可入,1
1719,最优,1
1720,人才交流,1
1723,挂靠,1
1724,桂溪,1
1725,党工委,1
1727,转入,1
1728,党委,1
1729,转接,1
1733,二年级,1
1734,转业军人,1
1736,天空,1
1737,已下,1
1738,转学,1
1740,少城,1
1741,级新生,1
1743,借读,1
1744,树德,1
1713,已建好,1
1706,坝,1
1664,投是,1
1705,马厂,1
1665,国企,1
1667,失望,1
1668,公交公司,1
1669,国有化,1
1670,市内,1
1671,跨县,1
1674,上能,1
1683,繁至,1
1685,郫巴,1
1686,715A,1
1688,小站,1
1689,斑,1
1690,竹园镇,1
1695,新丰,1
1696,亲眼所见,1
1697,机动车,1
1698,相撞,1
1701,在建,1
1702,大江,1
1703,学子,1
1704,机关,1
1142,家中,1
1141,米左右,1
1139,宸,1
470,红桥,1
444,总有,1
445,别有用心,1
447,挑唆,1
449,强行,1
451,试图,1
453,制定,1
460,协同,1
462,出台,1
463,安民,1
464,心,1
478,体育运动,1
370,围栏,1
480,夜跑,1
482,此类,1
484,运了,1
486,倡导,1
489,热情,1
490,增强,1
491,身体素质,1
494,小规模,1
496,集成,1
501,凤凰,1
431,现今,1
430,别墅,1
429,两层楼,1
424,金谷,1
374,7.8,1
386,蚊虫,1
387,叮咬,1
388,牛粪,1
390,厨房,1
391,阳台,1
393,做饭,1
395,闻到,1
396,牛,1
397,屎,1
399,难闻,1
403,繁镇,1
404,繁川,1
405,食品,1
407,客运站,1
408,三义,1
411,赌到,1
415,指挥,1
418,多修,1
420,利济,1
422,主,1
502,北大街,1
504,体育场地,1
507,险,1
595,玖璋,1
602,又生,1
603,宝宝,1
609,一天天,1
610,长大,1
613,变通,1
614,太难,1
615,买得起,1
616,需盘,1
617,捂着,1
622,刚一,1
623,心声,1
625,一点点,1
626,银沙,1
627,正街,1
635,泸州,1
639,金堂县,1
642,望江,1
650,转户,1
651,补助,1
654,59,1
662,面向,1
597,一们,1
594,山河,1
512,险未,1
589,明白,1
514,交满,1
516,补缴,1
520,号码,1
521,62011921,1
522,62011918,1
525,线,1
528,人有,1
530,所有人,1
539,个人账户,1
541,功能,1
556,药店,1
557,消费,1
561,三岔,1
562,花厂,1
570,现要,1
571,结婚,1
574,转过,1
576,生,1
579,镇金镇,1
582,1.2,1
585,双,1
372,数量,1
363,石笋,1
665,全区,1
143,裸露,1
105,顶,1
106,山镇,1
107,人罗双,1
109,玻璃幕墙,1
110,5000,1
114,崔讨,1
115,未结算,1
120,兴义,1
127,优购,1
138,仁和,1
144,倾斜,1
360,兰台,1
148,生命安全,1
149,漏电,1
150,砸,1
152,可怕,1
154,西路南,1
155,四街,1
156,43,1
158,养,1
161,打鸣,1
162,很早,1
104,巴中市,1
103,会议厅,1
101,木棉花,1
99,东安,1
9,01,1
24,上九价,1
29,街道社区,1
39,别样,1
42,停车难,1
44,停车位,1
53,回去,1
54,起码,1
57,保证,1
62,腾出,1
67,建部,1
72,块钱,1
76,几十块,1
77,没管,1
80,能限,1
87,知苗易,1
89,黄牛,1
90,承包,1
92,苗有,1
94,还给,1
95,走后门,1
166,刺耳,1
174,九尺,1
175,镇昌衡,1
294,提炼,1
296,厂,1
297,隔三差五,1
299,浓度,1
301,弥漫,1
305,环保局,1
306,市政府,1
309,过段时间,1
320,57,1
324,锦欣爱,1
325,嘉,1
331,蓝湾,1
334,临成,1
340,不配,1
341,拥有,1
344,禁忌,1
345,飙车,1
348,勘察,1
350,隔离带,1
351,减速带,1
353,减缓,1
355,减少,1
295,矿物油,1
290,阿坝,1
180,十几户,1
289,淮口,1
201,说到做到,1
207,失信于民,1
216,成新,1
222,出城,1
225,上桥,1
229,驾驶,1
230,舒适性,1
233,岷江,1
236,楠郡,1
240,卖菜,1
244,摆满,1
256,百多米,1
257,一段距离,1
259,接近,1
266,临港,1
268,岛,1
270,养护,1
272,有车,1
273,开上去,1
276,压坏,1
282,东延线,1
664,七中,1
668,区摇号,1
1138,玖,1
983,麻柳村,1
955,祥和,1
957,深夜,1
958,请五津,1
959,执法局,1
967,以内,1
970,外环线,1
972,马克,1
977,156A,1
979,71,1
980,K19,1
985,向前,1
900,巷子,1
989,东林,1
991,入住率,1
994,深业,1
995,四季,1
998,几千户,1
999,中航,1
1002,抽烟,1
1004,人来,1
1005,劝导,1
1006,勒令,1
953,改商,1
950,渡,1
949,龙王,1
946,发布,1
905,下水,1
907,预算,1
912,溢出,1
917,下岗职工,1
918,下岗,1
919,辗转,1
923,灵活,1
925,身份,1
926,就职,1
929,40%,1
930,实际工资,1
931,不符,1
932,我能,1
934,补足,1
935,部份,1
936,差额,1
937,相互尊重,1
938,相互理解,1
939,友好,1
940,前提,1
944,八日,1
1008,阳原,1
1009,大汉,1
1010,没能通,1
1094,长岛,1
1098,额外,1
1100,处置,1
1101,明星,1
1106,号华宇旭辉,1
1108,首次,1
1111,渝,1
1112,瑞,1
1113,房地产,1
1115,行政部门,1
1116,小业主,1
1118,分户,1
1120,美邻,1
1122,办个,1
1125,免费,1
1126,孕前,1
1129,丹景镇,1
1130,如图,1
1131,图中,1
1132,合作镇,1
1133,中心小学,1
1135,列表,1
1096,交有,1
1093,东湖,1
1013,抽出来,1
1092,人居,1
1014,水,1
1015,黄色,1
1016,太脏,1
1022,金丰,1
1026,高丰期,1
1027,量力,1
1028,灯具城,1
1037,横穿,1
1038,标牌,1
1041,走捷径,1
1042,下能,1
1044,秋季,1
1049,书院,1
1054,代建,1
1062,缩减,1
1068,概率,1
1072,相,1
1073,背离,1
1075,百分百,1
1088,第几个,1
1090,琉璃,1
901,化粪池,1
898,文化街,1
675,抽出,1
749,重试,1
726,麓,1
729,房前,1
730,参观,1
731,样板间,1
732,其飘窗,1
733,精装修,1
736,空心,1
742,普通话,1
744,太难报,1
748,异常,1
750,浪费时间,1
895,规模,1
752,火车票,1
759,2021.08,1
760,1714,1
764,融以,1
766,手续费,1
767,名义,1
770,一万六千,1
774,退返,1
776,链断裂,1
777,推辞,1
725,严厉,1
724,在此之前,1
722,表达,1
720,论证,1
677,瑞联路,1
680,背后,1
681,访亭,1
682,长廊,1
683,主亭,1
684,棚顶,1
687,漏雨,1
688,风大,1
689,刮开,1
692,尚未,1
694,成都市政府,1
696,为大美,1
697,贡献,1
698,听闻,1
703,若干,1
710,立项,1
713,浓烈,1
714,汽车尾气,1
716,品质,1
718,科学性,1
719,合理性,1
780,没人接,1
783,介入,1
786,非常感谢,1
843,无证,1
851,五一,1
852,竹园,1
853,沿街,1
855,外扩,1
857,置之不理,1
858,仿佛,1
859,之中,1
860,比外,1
866,视察,1
867,融,1
868,金融服务,1
871,诱饵,1
873,钱财,1
874,10848,1
876,拒不履行,1
880,受骗者,1
883,骗取,1
889,适龄,1
891,兴华,1
893,工程项目,1
894,具体地址,1
850,小商小贩,1
842,皆,1
787,3.8,1
840,持有,1
793,劳烦,1
796,学籍,1
797,有房,1
800,广东,1
802,参加,1
803,高考,1
804,2814,1
805,41,1
806,46,1
810,前方,1
816,天誉,1
821,附件,1
824,点后,1
825,拍摄,1
827,日后,1
829,不间断,1
830,制造,1
832,转交,1
833,予,1
834,沙河,1
839,屡禁不止,1
1916,上溯,1
1921,扎根,1
1923,南桥,1
2837,炎热,1
2819,宝石花,1
2820,看管,1
2821,钢筋,1
2822,弄,1
2823,护栏,1
2825,泡,1
2827,规则,1
2831,迁入,1
2834,吃饭,1
2835,午睡,1
2839,脸上,1
2788,抽签,1
2840,闷,1
2841,满脸,1
2842,痱子,1
2845,辰,1
2846,居路,1
2847,安居,1
2849,观察,1
2857,通信,1
2858,杆,1
2859,没入,1
2818,撤,1
2817,南湖,1
2816,地能,1
2815,通上,1
2790,科源路,1
2791,两车,1
2792,窄,1
2793,边乱,1
2794,盲区,1
2797,严格管理,1
2798,违停,1
2799,空着,1
2800,省钱,1
2801,停远,1
2804,有权,1
2805,成金,1
2806,青路,1
2807,拦截,1
2808,货物,1
2809,捆绑,1
2810,未盖,1
2811,雨布,1
2812,扣证,1
2813,打新冠,1
2814,地太少,1
2863,公安局,1
2864,奎光路,1
2866,二姐,1
2899,二号线,1
2909,请建,1
2910,中等,1
2911,发达国家,1
2913,三联,1
2914,印度,1
2915,式,1
2917,蒙阳,1
2919,荟东苑,1
2920,因佳兆业,1
2921,您们好,1
2923,方说,1
2924,规划局,1
2925,商讨,1
2927,咋们,1
2928,挣钱,1
2931,02812333,1
2932,怎么弄,1
2933,新宸,1
2935,托,1
2936,就行了,1
2940,国家级,1
2900,改道,1
2898,走访,1
2867,茶庄,1
2897,振动,1
2868,一楼,1
2870,机器,1
2871,王亮,1
2872,抓鸡,1
2873,赚取,1
2874,高额,1
2875,非法收入,1
2876,卷帘门,1
2877,后门,1
2878,通在奎,1
2879,光路,1
2882,放行,1
2883,防范,1
2885,渥太华,1
2887,小学部,1
2888,女孩子,1
2889,出生,1
2891,阳曦,1
2892,几米,1
2895,垂直,1
2896,37,1
2789,期科源,1
2783,加围,1
2943,大肆宣传,1
2678,我会,1
2661,新闻,1
2662,迁过来,1
2663,搞,1
2665,操心,1
2667,绿色,1
2669,形式主义,1
2670,歇凉,1
2671,关路,1
2676,覆盖,1
2677,办到,1
2679,上级部门,1
2782,靠成,1
2680,万汇,1
2681,六点,1
2682,金壁苑,1
2685,上班族,1
2686,相继,1
2687,坐上,1
2688,一查,1
2690,惊讶,1
2691,早,1
2694,就长,1
2660,年初,1
2659,被动,1
2656,东区,1
2654,摩托车,1
2629,青年,1
2632,体型,1
2633,偏瘦,1
2634,戴帽子,1
2636,鸭舌帽,1
2637,秋冬,1
2638,帽,1
2640,03,1
2641,扫,1
2642,一辆,1
2643,自行车,1
2644,顺武青,1
2645,骑行,1
2646,疏散,1
2647,黑辅,1
2648,扒,1
2649,背包,1
2650,回头,1
2651,不慌不忙,1
2652,返回,1
2653,同伙,1
2696,直达,1
2700,莫名,1
2701,一波,1
2753,无限,1
2755,小学校,1
2757,盲盒,1
2758,形式,1
2759,引诱,1
2762,卡片,1
2763,黑,1
2764,铁盒,1
2766,一百多,1
2767,分辨,1
2769,摊主,1
2770,几百,1
2771,不妥,1
2772,莫须有,1
2773,虚荣,1
2774,偷摸,1
2775,职能部门,1
2777,毒害,1
2778,雪儿,1
2779,九九,1
2780,前言,1
2781,四段,1
2754,龙池,1
2751,无限期,1
2702,拆掉,1
2750,法院,1
2703,围起来,1
2705,牌,1
2707,女人,1
2708,维持秩序,1
2719,为例,1
2721,亮时,1
2723,闯,1
2726,灯亮了,1
2727,很久后,1
2729,无视,1
2731,撞,1
2732,以人为本,1
2734,电子眼,1
2735,严惩,1
2736,不良,1
2738,洞,1
2739,子口,1
2740,灵润路,1
2747,沒有,1
2748,来函,1
2749,今日,1
2941,物流园,1
2944,虚假,1
2627,专找,1
3154,万分,1
3142,年幼,1
3143,升小,1
3144,个班,1
3145,再招,1
3146,一届,1
3147,教室,1
3150,高年级,1
3151,年级,1
3152,分流,1
3153,答疑,1
3155,凤翔,1
3108,园天,1
3156,699,1
3157,号佳兆业悦府,1
3160,修砌,1
3161,一层,1
3162,改变,1
3163,房屋结构,1
3164,整栋,1
3166,密集,1
3167,双凤桥,1
3168,白佛桥,1
3141,门弟,1
3140,香,1
3139,倍,1
3138,上涨,1
3110,撤销,1
3111,空缺,1
3112,连接起来,1
3113,停靠,1
3114,充电,1
3115,发挥,1
3116,利用效率,1
3117,参考,1
3121,号系,1
3122,婆媳关系,1
3125,本本,1
3126,合办,1
3127,权第,1
3128,0063591,1
3129,郑,1
3130,付,1
3131,所有权证,1
3132,空港,1
3133,龙湖,1
3136,两倍,1
3137,停车费,1
3169,连接,1
3171,飞地,1
3172,巴黎,1
3203,年且,1
3205,房已,1
3206,粗算,1
3207,逐一,1
3208,办实事,1
3211,老街,1
3212,仓库,1
3213,危房,1
3214,当地政府,1
3216,福利,1
3217,有幸,1
3218,二段,1
3219,返,1
3220,迁房,1
3221,户主,1
3222,转校,1
3225,如需,1
3226,自行,1
3228,无望,1
3229,挪用,1
3230,半生,1
3231,买单,1
3204,现房,1
3202,地近,1
3173,阳光,1
3200,背景,1
3175,进出口,1
3178,稍加,1
3179,差点儿,1
3180,边上,1
3181,蹭,1
3182,安全事故,1
3183,堵,1
3184,不及,1
3185,想象,1
3186,一点儿,1
3187,不赖,1
3188,烦,1
3189,评级,1
3190,评上,1
3192,西园,1
3194,合源路,1
3195,122,1
3196,天全,1
3197,明示,1
3198,房住,1
3199,炒,1
3109,平巷,1
3107,太平,1
2945,投资,1
2987,数次,1
2975,墙面,1
2976,层层,1
2978,生霉,1
2979,异味,1
2981,痛苦,1
2982,帮帮,1
2983,十多年,1
2984,工薪阶层,1
2985,星宸,1
2986,恶意,1
2988,拒绝,1
3106,暨,1
2991,复制粘贴,1
2993,态度,1
2994,难以,1
2995,信服,1
2997,股份,1
2998,控股,1
2999,经济纠纷,1
3000,云锦,1
3001,按揭,1
3002,没拿到,1
2974,卧室,1
2973,十八,1
2971,2009,1
2970,空气,1
2946,12000,1
2947,拖欠,1
2948,亿,1
2950,拒,1
2951,血本无归,1
2952,市级,1
2953,处理意见,1
2954,怨声载道,1
2955,群内,1
2956,惊现,1
2957,自杀,1
2958,绝笔,1
2959,不知真假,1
2960,闹出,1
2961,人命,1
2962,悔之晚矣,1
2964,人口众多,1
2966,占地面积,1
2967,较大,1
2968,荒废,1
2969,供,1
3004,预告,1
3005,区奥园,1
3007,新都珑,1
3049,没发,1
3057,工价,1
3061,内客,1
3070,村级,1
3071,龙口,1
3073,下发,1
3074,许多天,1
3075,急用,1
3077,核验,1
3078,复开,1
3080,账号,1
3087,急盼,1
3088,怡和,1
3089,F,1
3091,去年底,1
3094,巴士,1
3098,修息室,1
3100,双丰,1
3101,路线,1
3103,路起,1
3104,终,1
3105,点站,1
3055,续签,1
3048,三月份,1
3008,山樾,1
3046,啥时候,1
3009,农贸市场,1
3010,正式,1
3013,来发,1
3016,发改局,1
3019,合情合理,1
3020,复印件,1
3021,认,1
3025,暂,1
3026,无业,1
3029,一段时间,1
3030,一圈,1
3031,义务教育,1
3032,会上,1
3034,书,1
3035,有何意义,1
3036,硬化,1
3037,东原,1
3038,西岸,1
3040,美城悦,1
3041,荣府,1
3044,求职,1
2628,独行,1
2626,潜伏,1
1925,喝茶,1
2199,缓慢,1
2188,目的地,1
2190,天后,1
2191,飞往,1
2192,七日,1
2193,居家,1
2194,太行,1
2195,瑞宏,1
2196,西府,1
2197,澜院,1
2198,施工进度,1
2201,极高,1
2147,上家,1
2202,套均,1
2203,耗尽,1
2205,烦请,1
2206,督查,1
2207,沱四桥,1
2208,东来,1
2209,设个,1
2212,山水,1
2214,江山,1
2215,风华,1
2187,入境,1
2186,香港,1
2184,管住,1
2181,明年,1
2150,实际收入,1
2151,月工资,1
2153,初九,1
2154,文江,1
2155,博览会,1
2156,四市,1
2157,交界,1
2159,盛事,1
2160,历年,1
2163,不小,1
2165,近年,1
2167,一度,1
2168,党,1
2170,不懈努力,1
2171,之下,1
2172,控制,1
2173,重看,1
2174,庙会,1
2175,控制规模,1
2176,入场,1
2178,合兴,1
2216,碧波,1
2217,豪庭,1
2218,过沱四桥,1
2252,病毒,1
2254,圴,1
2255,疗效,1
2256,金马,1
2257,平安保险,1
2263,开心,1
2264,不留,1
2265,吃饭时间,1
2266,侵犯,1
2268,调休,1
2270,查验,1
2271,黑心,1
2272,为所欲为,1
2274,锦欣,1
2275,艾嘉,1
2276,门诊部,1
2277,排第,1
2278,育德路,1
2280,号阳義,1
2282,育苗,1
2287,1600,1
2289,密集型,1
2253,泡疹,1
2251,面部,1
2219,群兴路,1
2249,感染,1
2221,新苑,1
2222,明珠,1
2223,智能,1
2225,收集,1
2226,味道,1
2227,贪腐,1
2228,垃圾站,1
2229,价廉,1
2230,药效,1
2231,俱佳,1
2234,D3,1
2237,骨质,1
2238,疏松,1
2240,必不可少,1
2241,买不到,1
2242,昂贵,1
2243,D2,1
2245,庆大霉素,1
2246,皮肤感染,1
2247,肠道,1
2248,细菌,1
2149,错,1
2145,汇算,1
2292,中写,1
2008,就诊,1
1966,诗词,1
1967,半成品,1
1984,道现,1
1988,村里,1
1989,当年,1
1991,老一辈,1
1994,作证,1
1999,再出,1
2000,勒,1
2005,市五,1
2009,量,1
2143,年个,1
2010,客流量,1
2011,可观,1
2012,靠近,1
2013,修在,1
2014,主干道,1
2015,方便群众,1
2018,一线,1
2020,崔家段,1
2021,罗家,1
2028,转让,1
1965,刻有,1
1960,口外,1
1959,d,1
1956,热心,1
1927,半左右,1
1928,佩戴,1
1929,江楼,1
1930,围裙,1
1931,用电,1
1932,锯锯,1
1933,行道,1
1934,梧桐树,1
1935,锯下来,1
1936,木头,1
1937,扔进,1
1938,河里,1
1941,挡住,1
1942,雨棚,1
1943,一己,1
1944,私利,1
1945,毁坏,1
1946,美丽,1
1950,母亲河,1
1952,天网,1
1955,录像,1
2029,交易,1
2030,年轻,1
2031,庞大,1
2109,兼顾,1
2112,后代,1
2113,辛辛苦苦,1
2114,后盾,1
2119,黄姑路,1
2120,近几年,1
2121,冲击,1
2123,下滑,1
2124,一大批,1
2125,自主,1
2128,违纪,1
2130,小摊,1
2132,包容,1
2133,抢夺,1
2135,以防,1
2136,逃跑,1
2137,冲突,1
2138,时有发生,1
2139,艰难,1
2140,为难,1
2141,2022.03,1
2142,0810,1
2111,养育,1
2105,分工,1
2033,屈指可数,1
2103,担保人,1
2037,吓人,1
2039,郫县,1
2040,新盘,1
2041,捂盘,1
2043,万众,1
2044,南城,1
2045,汇,1
2051,直抵,1
2052,何去何从,1
2071,特来,1
2072,诉说,1
2081,人行横道,1
2083,秒钟,1
2089,赶不到,1
2090,横向,1
2092,做出,1
2093,便民,1
2094,夫妻,1
2095,二人,1
2096,婚后,1
2101,这太,1
2290,居民小区,1
2293,混合,1
2623,两,1
2529,目录,1
2514,多名,1
2515,622,1
2516,嘉祥,1
2517,外国语,1
2518,改建,1
2520,缺少,1
2522,簇锦,1
2523,来凤,1
2525,0210,1
2528,紧缺,1
2530,那顺销,1
2478,百伦,1
2531,以上学历,1
2532,看刚,1
2533,2022.02,1
2534,22.08,1
2537,耕,1
2538,耕是,1
2540,苗木,1
2541,多长时间,1
2542,周期,1
2543,苗木花卉,1
2512,东坡,1
2511,核查,1
2510,市委书记,1
2506,登录,1
2480,往返,1
2482,沱江,1
2483,包家巷,1
2484,那座,1
2485,前往,1
2486,此人,1
2487,行便,1
2489,一大截,1
2490,前去,1
2491,体育场,1
2493,郫筒,1
2494,区政府,1
2495,采纳,1
2496,为民造福,1
2497,万圣,1
2499,点过,1
2500,睡觉,1
2501,快到,1
2502,八点,1
2503,四分,1
2504,九秒,1
2544,学院路,1
2546,铝业,1
2547,蓄意,1
2582,证件,1
2592,2980,1
2593,少收,1
2595,2880,1
2597,我住,1
2598,练车,1
2599,练,1
2600,科目,1
2601,二因,1
2602,没练,1
2603,学车,1
2606,栋梁,1
2608,教练员,1
2610,官,1
2611,牛头不对马嘴,1
2612,长征,1
2613,开发票,1
2614,退费,1
2615,聊天记录,1
2616,银海,1
2618,三代人,1
2621,武青,1
2591,学费,1
2581,登记证,1
2548,囤地,1
2578,健康证,1
2549,香投,1
2551,对接,1
2553,房企,1
2554,接手,1
2556,卖个,1
2557,价钱,1
2558,说修,1
2559,没带,1
2560,胎,1
2561,团结,1
2562,永定,1
2563,菜市,1
2564,垃圾桶,1
2567,再次出现,1
2569,一走,1
2571,冷,1
2572,转暖,1
2573,喝酒,1
2575,奶茶,1
2576,餐饮,1
2577,从业人员,1
2479,西大街,1
2477,便桥,1
2294,商业中心,1
2369,柏合,1
2353,好先,1
2354,保留,1
2356,新买,1
2358,读望,1
2359,丛,1
2362,昌衡,1
2363,升平,1
2364,扩建,1
2366,能降,1
2368,男朋友,1
2370,他读,1
2476,人行,1
2372,十陵,1
2374,三绕,1
2375,马桑村,1
2376,新生,1
2377,保,1
2378,那片,1
2380,浙江,1
2382,自然,1
2383,归属,1
2384,我前,1
2351,买家,1
2348,望丛,1
2345,源头,1
2344,肆无忌惮,1
2296,震鸣会,1
2297,日常生活,1
2300,多处,1
2302,消防通道,1
2304,填埋,1
2305,墙体开裂,1
2308,不确定性,1
2309,万科,1
2310,锦园,1
2311,隧道,1
2312,TOD,1
2315,几公里,1
2316,南北,1
2317,互通,1
2318,蒙阳佳兆业,1
2324,一辈子,1
2326,教科书,1
2330,归属于,1
2331,国土局,1
2336,更换,1
2340,派出所,1
2386,宜宾,1
2388,医疗保险,1
2389,一张,1
2435,输赢,1
2439,德州,1
2440,扑克,1
2442,赌场,1
2443,打麻将,1
2444,一桌,1
2445,1000,1
2446,治安,1
2448,摸摸底,1
2449,治标不治本,1
2450,啥意思,1
2457,广州,1
2458,雅安,1
2459,西安,1
2462,卡内,1
2463,段路,1
2465,亮,1
2467,闯红灯,1
2468,出过,1
2470,通明,1
2471,黢黑,1
2475,前门,1
2437,盈利,1
2434,赌博机,1
2393,紫薇,1
2432,聚汇,1
2394,丽锦,1
2397,两三点,1
2398,深夜里,1
2400,搓麻,1
2401,机麻,1
2402,打牌,1
2404,大吼大叫,1
2405,时刻,1
2408,打过,1
2412,人去,1
2413,在乎,1
2414,无奈,1
2416,地为,1
2418,石沉大海,1
2419,瑞升,1
2420,明院,1
2421,收益,1
2423,不该,1
2426,管理中心,1
2429,南浦,1
2430,159,1
4850,平房,1
